'3766','teleconsent','2018-09-06 18:17:41',NULL,'11'
'3790','groupCall','2018-11-09 15:16:12',NULL,'11'
'3792','observerInCall','2018-11-09 17:50:31',NULL,'11'
'4024','10peopleCall','2019-06-11 14:08:31',NULL,'11'
'7190','scheduling','2020-07-23 17:21:31',NULL,'11'
'7191','doxyBotCheckIn','2020-07-23 17:24:46',NULL,'11'
'7359','reminders','2020-09-03 21:27:23',NULL,'11'
'7903','telesurvey','2020-09-24 22:45:00',NULL,'11'
'8015','marketplace','2020-12-17 15:06:33',NULL,'11'
'8108','25peoplecall','2021-01-15 14:52:24',NULL,'11'
'8109','25peoplecall','2021-01-15 14:52:31',NULL,'11'
'8110','25peopleCall','2021-01-15 15:12:15',NULL,'11'
'8123','autoDowngradeQuality','2021-01-19 08:36:37',NULL,'11'
'8130','25peopleCall','2021-01-22 00:16:01',NULL,'11'
'8187','extenion:voyceR','2021-02-12 14:04:54',NULL,'11'
'8693','extension:transcription','2021-02-16 09:48:49',NULL,'11'
'8694','extension:closedCaption','2021-02-16 09:49:20',NULL,'11'
'8697','extension:voyceR','2021-02-16 20:47:28',NULL,'11'
'8698','extension:voyceF','2021-02-17 10:07:47',NULL,'11'
'9401','smsEditing','2021-03-09 14:44:07',NULL,'11'